{"cameraMode":{"drawMode":0,"name":"Shaded","section":"Shading Mode"},"sceneLighting":false,"audioPlay":false,"sceneViewState":{"showFog":true,"showMaterialUpdate":false,"showSkybox":false,"showFlares":true,"showImageEffects":true,"showParticleSystems":true},"in2DMode":false,"pivot":{"x":25.200000762939454,"y":0.5,"z":-55.439998626708987},"rotation":{"x":-0.14870938658714295,"y":-0.6901116371154785,"z":0.14817586541175843,"w":-0.6926096081733704},"size":4.041658401489258,"orthographic":true}