{"cameraMode":{"drawMode":0,"name":"Shaded","section":"Shading Mode"},"sceneLighting":false,"audioPlay":false,"sceneViewState":{"showFog":true,"showMaterialUpdate":false,"showSkybox":false,"showFlares":true,"showImageEffects":true,"showParticleSystems":true},"in2DMode":false,"pivot":{"x":25.0,"y":-0.2999999523162842,"z":-29.283443450927736},"rotation":{"x":-0.2172527015209198,"y":0.0052808793261647228,"z":-0.0011727346573024989,"w":-0.9761146903038025},"size":8.446894645690918,"orthographic":true}