{"cameraMode":{"drawMode":0,"name":"Shaded","section":"Shading Mode"},"sceneLighting":false,"audioPlay":false,"sceneViewState":{"showFog":true,"showMaterialUpdate":false,"showSkybox":false,"showFlares":true,"showImageEffects":true,"showParticleSystems":true},"in2DMode":false,"pivot":{"x":22.100000381469728,"y":0.7699999809265137,"z":-6.400000095367432},"rotation":{"x":-0.2172527015209198,"y":0.0052808793261647228,"z":-0.0011727346573024989,"w":-0.9761146903038025},"size":5.715769290924072,"orthographic":true}