{"cameraMode":{"drawMode":0,"name":"Shaded","section":"Shading Mode"},"sceneLighting":false,"audioPlay":false,"sceneViewState":{"showFog":true,"showMaterialUpdate":false,"showSkybox":false,"showFlares":true,"showImageEffects":true,"showParticleSystems":true},"in2DMode":false,"pivot":{"x":25.200000762939454,"y":0.5,"z":-55.439998626708987},"rotation":{"x":-0.2940152585506439,"y":-0.09641137719154358,"z":0.029830191284418107,"w":-0.9504755735397339},"size":4.041658401489258,"orthographic":true}