{"cameraMode":{"drawMode":0,"name":"Shaded","section":"Shading Mode"},"sceneLighting":false,"audioPlay":false,"sceneViewState":{"showFog":true,"showMaterialUpdate":false,"showSkybox":false,"showFlares":true,"showImageEffects":true,"showParticleSystems":true},"in2DMode":false,"pivot":{"x":2.4970335960388185,"y":-0.8531253337860107,"z":-0.9585938453674316},"rotation":{"x":-0.14892175793647767,"y":-0.33532610535621645,"z":-0.05377332866191864,"w":0.9287074208259583},"size":10.69675350189209,"orthographic":true}