{"cameraMode":{"drawMode":0,"name":"Shaded","section":"Shading Mode"},"sceneLighting":false,"audioPlay":false,"sceneViewState":{"showFog":true,"showMaterialUpdate":false,"showSkybox":false,"showFlares":true,"showImageEffects":true,"showParticleSystems":true},"in2DMode":false,"pivot":{"x":887.7945556640625,"y":484.04364013671877,"z":214.7566375732422},"rotation":{"x":-0.2172527015209198,"y":0.0052808793261647228,"z":-0.0011727346573024989,"w":-0.9761146903038025},"size":2.8578836917877199,"orthographic":true}