{"cameraMode":{"drawMode":0,"name":"Shaded","section":"Shading Mode"},"sceneLighting":true,"audioPlay":false,"sceneViewState":{"showFog":true,"showMaterialUpdate":false,"showSkybox":true,"showFlares":true,"showImageEffects":true,"showParticleSystems":true},"in2DMode":false,"pivot":{"x":979.6771240234375,"y":538.0380859375,"z":45.353904724121097},"rotation":{"x":-0.012307744473218918,"y":0.0003001291770488024,"z":0.0000024284483970404837,"w":-0.9999464154243469},"size":1169.3809814453125,"orthographic":true}